<?xml version="1.0" encoding="UTF-8"?>
<!DOCTYPE filesystem PUBLIC "-//NetBeans//DTD Filesystem 1.1//EN" "http://www.netbeans.org/dtds/filesystem-1_1.dtd">
<filesystem>
    <folder name="Actions">
        <folder name="Perforce">
            <file name="org-wonderly-netbeans-perforce-CheckoutProject.instance">
                <attr name="instanceClass" stringvalue="org.wonderly.netbeans.perforce.CheckoutProject"/>
            </file>
            <file name="org-wonderly-netbeans-perforce-PerforceAddProject.instance">
                <attr name="SystemFileSystem.icon" urlvalue="nbresloc:/org/wonderly/netbeans/perforce/add.gif"/>
                <attr name="instanceClass" stringvalue="org.wonderly.netbeans.perforce.PerforceAddProject"/>
            </file>
            <file name="org-wonderly-netbeans-perforce-PerforceInfo.instance">
                <attr name="instanceClass" stringvalue="org.wonderly.netbeans.perforce.PerforceInfo"/>
            </file>
            <file name="org-wonderly-netbeans-perforce-PerforceReopenWrite.instance">
                <attr name="instanceClass" stringvalue="org.wonderly.netbeans.perforce.PerforceReopenWithWrite"/>
            </file>
            <file name="org-wonderly-netbeans-perforce-PerforceDelete.instance">
                <attr name="instanceClass" stringvalue="org.wonderly.netbeans.perforce.PerforceDelete"/>
            </file>
            <file name="org-wonderly-netbeans-perforce-PerforceFileEdit.instance">
                <attr name="SystemFileSystem.icon" urlvalue="nbresloc:/org/wonderly/netbeans/perforce/checkout.gif"/>
                <attr name="instanceClass" stringvalue="org.wonderly.netbeans.perforce.PerforceFileEdit"/>
            </file>
            <file name="org-wonderly-netbeans-perforce-PerforceFileSyncWithEdit.instance">
                <attr name="SystemFileSystem.icon" urlvalue="nbresloc:/org/wonderly/netbeans/perforce/checkout.gif"/>
                <attr name="instanceClass" stringvalue="org.wonderly.netbeans.perforce.PerforceFileSyncWithEdit"/>
            </file>
            <file name="org-wonderly-netbeans-perforce-PerforceCheckout.instance">
                <attr name="SystemFileSystem.icon" urlvalue="nbresloc:/org/wonderly/netbeans/perforce/checkout.gif"/>
                <attr name="instanceClass" stringvalue="org.wonderly.netbeans.perforce.PerforceCheckout"/>
            </file>
            <file name="org-wonderly-netbeans-perforce-PerforceAddSource.instance">
                <attr name="SystemFileSystem.icon" urlvalue="nbresloc:/org/wonderly/netbeans/perforce/add.gif"/>
                <attr name="instanceClass" stringvalue="org.wonderly.netbeans.perforce.PerforceAddSource"/>
            </file>
            <file name="org-wonderly-netbeans-perforce-PerforceSubmit.instance">
                <attr name="SystemFileSystem.icon" urlvalue="nbresloc:/org/wonderly/netbeans/perforce/submit.gif"/>
                <attr name="instanceClass" stringvalue="org.wonderly.netbeans.perforce.PerforceSubmit"/>
            </file>
            <file name="org-wonderly-netbeans-perforce-PerforceRevert.instance">
                <attr name="SystemFileSystem.icon" urlvalue="nbresloc:/org/wonderly/netbeans/perforce/revert.gif"/>
                <attr name="instanceClass" stringvalue="org.wonderly.netbeans.perforce.PerforceRevert"/>
            </file>
            <file name="org-wonderly-netbeans-perforce-PerforceDiff.instance">
                <attr name="SystemFileSystem.icon" urlvalue="nbresloc:/org/wonderly/netbeans/perforce/diff.gif"/>
                <attr name="instanceClass" stringvalue="org.wonderly.netbeans.perforce.PerforceDiff"/>
            </file>
            <file name="org-wonderly-netbeans-perforce-SubmitP4Project.instance">
               <attr name="instanceClass" stringvalue="org.wonderly.netbeans.perforce.SubmitP4Project"/>
            </file>
        </folder>
        <folder name="Window">
            <file name="org-wonderly-netbeans-perforce-PerforceOutputAction.instance"/>
        </folder>
    </folder>
    <folder name="VersioningOptionsDialog">
        <file name="Perforce.instance">
            <attr name="instanceClass" stringvalue="org.wonderly.netbeans.perforce.PerforceOptions"/>
        </file>
    </folder>
    <folder name="Editors">
        <folder name="Popup">
            <folder name="Perforce">
               <file name="org-wonderly-netbeans-perforce-PerforceAddSource.shadow">
                    <attr name="originalFile" stringvalue="Actions/Perforce/org-wonderly-netbeans-perforce-PerforceAddSource.instance"/>
                    <attr name="position" intvalue="1800"/>
                </file>
                 <file name="org-wonderly-netbeans-perforce-PerforceCheckout.shadow">
                    <attr name="originalFile" stringvalue="Actions/Perforce/org-wonderly-netbeans-perforce-PerforceCheckout.instance"/>
                    <attr name="position" intvalue="2212"/>
                </file>
                <file name="org-wonderly-netbeans-perforce-PerforceDiff.shadow">
                    <attr name="originalFile" stringvalue="Actions/Perforce/org-wonderly-netbeans-perforce-PerforceDiff.instance"/>
                     <attr name="position" intvalue="2225"/>
               </file>
                <file name="org-wonderly-netbeans-perforce-PerforceSubmit.shadow">
                    <attr name="originalFile" stringvalue="Actions/Perforce/org-wonderly-netbeans-perforce-PerforceSubmit.instance"/>
                    <attr name="position" intvalue="2300"/>
                </file>
				<file name="Separator1.instance">
					<attr name="instanceClass" stringvalue="javax.swing.JSeparator"/>
					<attr name="position" intvalue="2371"/>
				</file>
                <file name="org-wonderly-netbeans-perforce-PerforceReopenWrite.shadow">
					<attr name="SystemFileSystem.icon" urlvalue="nbresloc:/org/wonderly/netbeans/perforce/padd.gif"/>
                    <attr name="originalFile" stringvalue="Actions/Perforce/org-wonderly-netbeans-perforce-PerforceReopenWrite.instance"/>
                    <attr name="position" intvalue="2381"/>
                </file>

			 </folder>
            <file name="Separator0.instance">
                <attr name="instanceClass" stringvalue="javax.swing.JSeparator"/>
            </file>
        </folder>
        <folder name="Toolbars">
            <folder name="Default">
                 <file name="org-wonderly-netbeans-perforce-PerforceAddSource.shadow">
                    <attr name="originalFile" stringvalue="Actions/Perforce/org-wonderly-netbeans-perforce-PerforceAddSource.instance"/>
                </file>
                <file name="org-wonderly-netbeans-perforce-PerforceCheckout.shadow">
                    <attr name="originalFile" stringvalue="Actions/Perforce/org-wonderly-netbeans-perforce-PerforceCheckout.instance"/>
                </file>
                <file name="org-wonderly-netbeans-perforce-PerforceDiff.shadow">
                    <attr name="originalFile" stringvalue="Actions/Perforce/org-wonderly-netbeans-perforce-PerforceDiff.instance"/>
                </file>
                <file name="org-wonderly-netbeans-perforce-PerforceSubmit.shadow">
                    <attr name="originalFile" stringvalue="Actions/Perforce/org-wonderly-netbeans-perforce-PerforceSubmit.instance"/>
                </file>
            </folder>
        </folder>
    </folder>
    <folder name="Menu">
        <folder name="Versioning">
			<folder name="Perforce">
				<file name="org-wonderly-netbeans-perforce-CheckoutProject.shadow">
					<attr name="SystemFileSystem.icon" urlvalue="nbresloc:/org/wonderly/netbeans/perforce/pcheckout.gif"/>
					<attr name="originalFile" stringvalue="Actions/Perforce/org-wonderly-netbeans-perforce-CheckoutProject.instance"/>
					<attr name="position" intvalue="100"/>
                </file>
				<file name="org-wonderly-netbeans-perforce-PerforceAddProject.shadow">
					<attr name="SystemFileSystem.icon" urlvalue="nbresloc:/org/wonderly/netbeans/perforce/padd.gif"/>
					<attr name="originalFile" stringvalue="Actions/Perforce/org-wonderly-netbeans-perforce-PerforceAddProject.instance"/>
					<attr name="position" intvalue="200"/>
                </file>
				<file name="org-wonderly-netbeans-perforce-PerforceInfo-separatorBefore.instance">
					<attr name="instanceClass" stringvalue="javax.swing.JSeparator"/>
					<attr name="position" intvalue="1000"/>
				</file>
				<file name="org-wonderly-netbeans-perforce-PerforceInfo.shadow">
					<attr name="originalFile" stringvalue="Actions/Perforce/org-wonderly-netbeans-perforce-PerforceInfo.instance"/>
					 <attr name="SystemFileSystem.icon" urlvalue="nbresloc:/org/wonderly/netbeans/perforce/checkout.gif"/>
					<attr name="position" intvalue="550"/>
				</file>
				<file name="org-wonderly-netbeans-perforce-SubmitP4Project.shadow">
					<attr name="originalFile" stringvalue="Actions/Perforce/org-wonderly-netbeans-perforce-SubmitP4Project.instance"/>
					<attr name="SystemFileSystem.icon" urlvalue="nbresloc:/org/wonderly/netbeans/perforce/submit.gif"/>
					<attr name="position" intvalue="400"/>
				</file>
				<file name="org-wonderly-netbeans-perforce-separatorAfter.instance">
					<attr name="instanceClass" stringvalue="javax.swing.JSeparator"/>
					<attr name="position" intvalue="500"/>
                </file>
				<file name="org-wonderly-netbeans-perforce-PerforceAddSource.shadow">
					<attr name="originalFile" stringvalue="Actions/Perforce/org-wonderly-netbeans-perforce-PerforceAddSource.instance"/>
					<attr name="SystemFileSystem.icon" urlvalue="nbresloc:/org/wonderly/netbeans/perforce/add.gif"/>
					<attr name="position" intvalue="600"/>
				</file>
				<file name="org-wonderly-netbeans-perforce-PerforceCheckout.shadow">
					<attr name="originalFile" stringvalue="Actions/Perforce/org-wonderly-netbeans-perforce-PerforceCheckout.instance"/>
					 <attr name="SystemFileSystem.icon" urlvalue="nbresloc:/org/wonderly/netbeans/perforce/checkout.gif"/>
					<attr name="position" intvalue="700"/>
                </file>
				<file name="org-wonderly-netbeans-perforce-PerforceFileSyncWithEdit.shadow">
					<attr name="originalFile" stringvalue="Actions/Perforce/org-wonderly-netbeans-perforce-PerforceFileSyncWithEdit.instance"/>
					 <attr name="SystemFileSystem.icon" urlvalue="nbresloc:/org/wonderly/netbeans/perforce/checkout.gif"/>
					<attr name="position" intvalue="710"/>
                </file>
				<file name="org-wonderly-netbeans-perforce-PerforceDelete.shadow">
					<attr name="SystemFileSystem.icon" urlvalue="nbresloc:/org/wonderly/netbeans/perforce/remove.gif"/>
					<attr name="SystemFileSystem.localizingBundle" stringvalue="org.wonderly.netbeans.perforce.Bundle"/>
					<attr name="originalFile" stringvalue="Actions/Perforce/org-wonderly-netbeans-perforce-PerforceDelete.instance"/>
					<attr name="position" intvalue="800"/>
                </file>
				<file name="org-wonderly-netbeans-perforce-PerforceDiff.shadow">
					<attr name="originalFile" stringvalue="Actions/Perforce/org-wonderly-netbeans-perforce-PerforceDiff.instance"/>
					<attr name="SystemFileSystem.icon" urlvalue="nbresloc:/org/wonderly/netbeans/perforce/diff.gif"/>
					<attr name="position" intvalue="900"/>
                </file>
				<file name="org-wonderly-netbeans-perforce-PerforceReopenWrite.shadow">
					<attr name="SystemFileSystem.icon" urlvalue="nbresloc:/org/wonderly/netbeans/perforce/padd.gif"/>
					<attr name="originalFile" stringvalue="Actions/Perforce/org-wonderly-netbeans-perforce-PerforceReopenWrite.instance"/>
					<attr name="position" intvalue="1100"/>
				</file>
				<file name="org-wonderly-netbeans-perforce-separatorAfter_2.instance">
					<attr name="instanceClass" stringvalue="javax.swing.JSeparator"/>
					<attr name="position" intvalue="1200"/>
                </file>
				<file name="org-wonderly-netbeans-perforce-PerforceRevert.shadow">
					<attr name="SystemFileSystem.icon" urlvalue="nbresloc:/org/wonderly/netbeans/perforce/revert.gif"/>
					<attr name="originalFile" stringvalue="Actions/Perforce/org-wonderly-netbeans-perforce-PerforceRevert.instance"/>
					<attr name="position" intvalue="1300"/>
				</file>
				<file name="org-wonderly-netbeans-perforce-PerforceSubmit.shadow">
					<attr name="originalFile" stringvalue="Actions/Perforce/org-wonderly-netbeans-perforce-PerforceSubmit.instance"/>
					<attr name="SystemFileSystem.icon" urlvalue="nbresloc:/org/wonderly/netbeans/perforce/submit.gif"/>
					<attr name="position" intvalue="1400"/>
                </file>
            </folder>
        </folder>
        <folder name="Window">
            <file name="PerforceOutputAction.shadow">
                <attr name="SystemFileSystem.icon" urlvalue="nbresloc:/org/wonderly/netbeans/perforce/p4.gif"/>
                <attr name="originalFile" stringvalue="Actions/Window/org-wonderly-netbeans-perforce-PerforceOutputAction.instance"/>
            </file>
        </folder>
    </folder>
    <folder name="Toolbars">
        <folder name="Perforce">
            <file name="org-wonderly-netbeans-perforce-PerforceCheckout.shadow">
                <attr name="SystemFileSystem.icon" urlvalue="nbresloc:/org/wonderly/netbeans/perforce/checkout.gif"/>
                <attr name="originalFile" stringvalue="Actions/Perforce/org-wonderly-netbeans-perforce-PerforceCheckout.instance"/>
            </file>
            <file name="org-wonderly-netbeans-perforce-PerforceDelete.shadow">
                <attr name="originalFile" stringvalue="Actions/Perforce/org-wonderly-netbeans-perforce-PerforceDelete.instance"/>
            </file>
            <file name="org-wonderly-netbeans-perforce-PerforceSubmit.shadow">
                <attr name="SystemFileSystem.icon" urlvalue="nbresloc:/org/wonderly/netbeans/perforce/submit.gif"/>
                <attr name="originalFile" stringvalue="Actions/Perforce/org-wonderly-netbeans-perforce-PerforceSubmit.instance"/>
            </file>
            <file name="org-wonderly-netbeans-perforce-PerforceAddSource.shadow">
                <attr name="SystemFileSystem.icon" urlvalue="nbresloc:/org/wonderly/netbeans/perforce/add.gif"/>
                <attr name="originalFile" stringvalue="Actions/Perforce/org-wonderly-netbeans-perforce-PerforceAddSource.instance"/>
            </file>
            <file name="org-wonderly-netbeans-perforce-PerforceDiff.shadow">
                <attr name="SystemFileSystem.icon" urlvalue="nbresloc:/org/wonderly/netbeans/perforce/diff.gif"/>
                <attr name="originalFile" stringvalue="Actions/Perforce/org-wonderly-netbeans-perforce-PerforceDiff.instance"/>
            </file>
        </folder>
        <folder name="PerforceProject">
            <file name="org-wonderly-netbeans-perforce-CheckoutProject.shadow">
                <attr name="originalFile" stringvalue="Actions/Perforce/org-wonderly-netbeans-perforce-CheckoutProject.instance"/>
                <attr name="position" intvalue="200"/>
            </file>
            <file name="org-wonderly-netbeans-perforce-PerforceAddProject.shadow">
                <attr name="originalFile" stringvalue="Actions/Perforce/org-wonderly-netbeans-perforce-PerforceAddProject.instance"/>
                <attr name="position" intvalue="100"/>
            </file>
            <file name="org-wonderly-netbeans-perforce-SubmitP4Project.shadow">
                <attr name="originalFile" stringvalue="Actions/Perforce/org-wonderly-netbeans-perforce-SubmitP4Project.instance"/>
                <attr name="position" intvalue="300"/>
            </file>
        </folder>
    </folder>
    <folder name="Windows2">
        <folder name="Components">
            <file name="PerforceOutputTopComponent.settings" url="PerforceOutputTopComponentSettings.xml">
                <attr name="SystemFileSystem.icon" urlvalue="nbresloc:/org/wonderly/netbeans/perforce/p4.gif"/>
            </file>
        </folder>
        <folder name="Modes">
            <folder name="output">
                <file name="PerforceOutputTopComponent.wstcref" url="PerforceOutputTopComponentWstcref.xml">
                    <attr name="SystemFileSystem.icon" urlvalue="nbresloc:/org/wonderly/netbeans/perforce/p4.gif"/>
                </file>
            </folder>
        </folder>
    </folder>
</filesystem>
